[{"UserName": "@@d3f7862f93583f4496d5786453e1a803c1fd302a2ea159e15f50200ebfa6a1b6", "City": "", "DisplayName": "", "UniFriend": 0, "MemberList": [], "PYQuanPin": "404", "RemarkPYInitial": "", "Sex": 0, "AppAccountFlag": 0, "VerifyFlag": 0, "Province": "", "KeyWord": "", "RemarkName": "", "PYInitial": "404", "IsOwner": 1, "ChatRoomId": 0, "HideInputBarFlag": 0, "EncryChatRoomId": "", "AttrStatus": 0, "SnsFlag": 0, "MemberCount": 0, "OwnerUin": 0, "Alias": "", "Signature": "", "ContactFlag": 3, "NickName": "404", "RemarkPYQuanPin": "", "HeadImgUrl": "/cgi-bin/mmwebwx-bin/webwxgetheadimg?seq=624371500&username=@@d3f7862f93583f4496d5786453e1a803c1fd302a2ea159e15f50200ebfa6a1b6&skey=@crypt_d2fe4afb_798d706f4e3cdd4872d17771b2407107", "Uin": 0, "StarFriend": 0, "Statues": 1}, {"UserName": "@@018ef52b9a84ed0211bc4ed269e6b8370b831af2446080fb92689bf2af7d50f5", "City": "", "DisplayName": "", "UniFriend": 0, "MemberList": [], "PYQuanPin": "xueshuwomenshirenzhendespanclassemojiemoji2764spanfamulei", "RemarkPYInitial": "", "Sex": 0, "AppAccountFlag": 0, "VerifyFlag": 0, "Province": "", "KeyWord": "", "RemarkName": "", "PYInitial": "XSWMSRZDSPANCLASSEMOJIEMOJI2764SPANFML", "IsOwner": 0, "ChatRoomId": 0, "HideInputBarFlag": 0, "EncryChatRoomId": "", "AttrStatus": 0, "SnsFlag": 0, "MemberCount": 0, "OwnerUin": 0, "Alias": "", "Signature": "", "ContactFlag": 3, "NickName": "\u5b66\u672f\uff0c\u6211\u4eec\u662f\u8ba4\u771f\u7684<span class=\"emoji emoji2764\"></span>\u4f10\u6728\u7d2f", "RemarkPYQuanPin": "", "HeadImgUrl": "/cgi-bin/mmwebwx-bin/webwxgetheadimg?seq=651481050&username=@@018ef52b9a84ed0211bc4ed269e6b8370b831af2446080fb92689bf2af7d50f5&skey=@crypt_d2fe4afb_798d706f4e3cdd4872d17771b2407107", "Uin": 0, "StarFriend": 0, "Statues": 1}, {"UserName": "@@44ee42905566ef901c78be1570528bfece2ce5fa99679da1847e34d22a69bb95", "City": "", "DisplayName": "", "UniFriend": 0, "MemberList": [], "PYQuanPin": "621", "RemarkPYInitial": "", "Sex": 0, "AppAccountFlag": 0, "VerifyFlag": 0, "Province": "", "KeyWord": "", "RemarkName": "", "PYInitial": "621", "IsOwner": 1, "ChatRoomId": 0, "HideInputBarFlag": 0, "EncryChatRoomId": "", "AttrStatus": 0, "SnsFlag": 0, "MemberCount": 0, "OwnerUin": 0, "Alias": "", "Signature": "", "ContactFlag": 3, "NickName": "621", "RemarkPYQuanPin": "", "HeadImgUrl": "/cgi-bin/mmwebwx-bin/webwxgetheadimg?seq=651571536&username=@@44ee42905566ef901c78be1570528bfece2ce5fa99679da1847e34d22a69bb95&skey=@crypt_d2fe4afb_798d706f4e3cdd4872d17771b2407107", "Uin": 0, "StarFriend": 0, "Statues": 1}, {"UserName": "@@2eeddf715efe9fc7266e2d139b9771d43f6ca94483cb3a5b400201552f5731aa", "City": "", "DisplayName": "", "UniFriend": 0, "MemberList": [], "PYQuanPin": "2012dianzi5ban", "RemarkPYInitial": "", "Sex": 0, "AppAccountFlag": 0, "VerifyFlag": 0, "Province": "", "KeyWord": "", "RemarkName": "", "PYInitial": "2012DZ5B", "IsOwner": 0, "ChatRoomId": 0, "HideInputBarFlag": 0, "EncryChatRoomId": "", "AttrStatus": 0, "SnsFlag": 0, "MemberCount": 0, "OwnerUin": 0, "Alias": "", "Signature": "", "ContactFlag": 3, "NickName": "2012\u7535\u81ea5\u73ed", "RemarkPYQuanPin": "", "HeadImgUrl": "/cgi-bin/mmwebwx-bin/webwxgetheadimg?seq=651561061&username=@@2eeddf715efe9fc7266e2d139b9771d43f6ca94483cb3a5b400201552f5731aa&skey=@crypt_d2fe4afb_798d706f4e3cdd4872d17771b2407107", "Uin": 0, "StarFriend": 0, "Statues": 1}, {"UserName": "@@2b4e573147c0958dd2dc3005bf8fc609577c6928213ac2e019a0201a30e0e022", "City": "", "DisplayName": "", "UniFriend": 0, "MemberList": [], "PYQuanPin": "luji", "RemarkPYInitial": "", "Sex": 0, "AppAccountFlag": 0, "VerifyFlag": 0, "Province": "", "KeyWord": "", "RemarkName": "", "PYInitial": "LJ", "IsOwner": 0, "ChatRoomId": 0, "HideInputBarFlag": 0, "EncryChatRoomId": "", "AttrStatus": 0, "SnsFlag": 0, "MemberCount": 0, "OwnerUin": 0, "Alias": "", "Signature": "", "ContactFlag": 3, "NickName": "\u64b8\u9e21", "RemarkPYQuanPin": "", "HeadImgUrl": "/cgi-bin/mmwebwx-bin/webwxgetheadimg?seq=667565476&username=@@2b4e573147c0958dd2dc3005bf8fc609577c6928213ac2e019a0201a30e0e022&skey=@crypt_d2fe4afb_798d706f4e3cdd4872d17771b2407107", "Uin": 0, "StarFriend": 0, "Statues": 1}, {"UserName": "@@bb16268fcd5c40c61f98d9a0751c3addb077a79863cd2dc159ca26197391e01f", "City": "", "DisplayName": "", "UniFriend": 0, "MemberList": [], "PYQuanPin": "keaibaobaomenderichang", "RemarkPYInitial": "", "Sex": 0, "AppAccountFlag": 0, "VerifyFlag": 0, "Province": "", "KeyWord": "", "RemarkName": "", "PYInitial": "KABBMDRC", "IsOwner": 0, "ChatRoomId": 0, "HideInputBarFlag": 0, "EncryChatRoomId": "", "AttrStatus": 0, "SnsFlag": 0, "MemberCount": 0, "OwnerUin": 0, "Alias": "", "Signature": "", "ContactFlag": 3, "NickName": "\u53ef\u7231\u5b9d\u5b9d\u4eec\u7684\u65e5\u5e38", "RemarkPYQuanPin": "", "HeadImgUrl": "/cgi-bin/mmwebwx-bin/webwxgetheadimg?seq=667590507&username=@@bb16268fcd5c40c61f98d9a0751c3addb077a79863cd2dc159ca26197391e01f&skey=@crypt_d2fe4afb_798d706f4e3cdd4872d17771b2407107", "Uin": 0, "StarFriend": 0, "Statues": 1}, {"UserName": "@@e102fbc2d333eeb9da7914d662ebee589874c2fac48a129aace14fab707411c8", "City": "", "DisplayName": "", "UniFriend": 0, "MemberList": [], "PYQuanPin": "yizhongnaxierener", "RemarkPYInitial": "", "Sex": 0, "AppAccountFlag": 0, "VerifyFlag": 0, "Province": "", "KeyWord": "", "RemarkName": "", "PYInitial": "YZNXRE", "IsOwner": 0, "ChatRoomId": 0, "HideInputBarFlag": 0, "EncryChatRoomId": "", "AttrStatus": 0, "SnsFlag": 0, "MemberCount": 0, "OwnerUin": 0, "Alias": "", "Signature": "", "ContactFlag": 3, "NickName": "\u4e00\u4e2d\u90a3\u4e9b\u4eba\u513f", "RemarkPYQuanPin": "", "HeadImgUrl": "/cgi-bin/mmwebwx-bin/webwxgetheadimg?seq=667645007&username=@@e102fbc2d333eeb9da7914d662ebee589874c2fac48a129aace14fab707411c8&skey=@crypt_d2fe4afb_798d706f4e3cdd4872d17771b2407107", "Uin": 0, "StarFriend": 0, "Statues": 0}, {"UserName": "@@4f3e14aa12ec803339efe38539bef85e03147b280ce892844f75b6abcae4b884", "City": "", "DisplayName": "", "UniFriend": 0, "MemberList": [], "PYQuanPin": "spanclassemojiemoji1f49dspan2017xieshoutuodanspanclassemojiemoji1f46bspan", "RemarkPYInitial": "", "Sex": 0, "AppAccountFlag": 0, "VerifyFlag": 0, "Province": "", "KeyWord": "", "RemarkName": "", "PYInitial": "SPANCLASSEMOJIEMOJI1F49DSPAN2017XSTDSPANCLASSEMOJIEMOJI1F46BSPAN", "IsOwner": 0, "ChatRoomId": 0, "HideInputBarFlag": 0, "EncryChatRoomId": "", "AttrStatus": 0, "SnsFlag": 0, "MemberCount": 0, "OwnerUin": 0, "Alias": "", "Signature": "", "ContactFlag": 3, "NickName": "<span class=\"emoji emoji1f49d\"></span>2017\u643a\u624b\u8131\u5355<span class=\"emoji emoji1f46b\"></span>", "RemarkPYQuanPin": "", "HeadImgUrl": "/cgi-bin/mmwebwx-bin/webwxgetheadimg?seq=651666728&username=@@4f3e14aa12ec803339efe38539bef85e03147b280ce892844f75b6abcae4b884&skey=@crypt_d2fe4afb_798d706f4e3cdd4872d17771b2407107", "Uin": 0, "StarFriend": 0, "Statues": 1}, {"UserName": "@@c19bc92cd6cd16eec94267189a32bed06e595bfc82c8044bebc8c93cfeb2ad18", "City": "", "DisplayName": "", "UniFriend": 0, "MemberList": [], "PYQuanPin": "2016jigaoyaqun", "RemarkPYInitial": "", "Sex": 0, "AppAccountFlag": 0, "VerifyFlag": 0, "Province": "", "KeyWord": "", "RemarkName": "", "PYInitial": "2016JGYQ", "IsOwner": 0, "ChatRoomId": 0, "HideInputBarFlag": 0, "EncryChatRoomId": "", "AttrStatus": 0, "SnsFlag": 0, "MemberCount": 0, "OwnerUin": 0, "Alias": "", "Signature": "", "ContactFlag": 3, "NickName": "2016\u7ea7\u9ad8\u538b\u7fa4", "RemarkPYQuanPin": "", "HeadImgUrl": "/cgi-bin/mmwebwx-bin/webwxgetheadimg?seq=667698103&username=@@c19bc92cd6cd16eec94267189a32bed06e595bfc82c8044bebc8c93cfeb2ad18&skey=@crypt_d2fe4afb_798d706f4e3cdd4872d17771b2407107", "Uin": 0, "StarFriend": 0, "Statues": 1}, {"UserName": "@@8e8a4c7b37441286059e717973dbcf7f24eec3a3a599c1d502a8175e61c44f34", "City": "", "DisplayName": "", "UniFriend": 0, "MemberList": [], "PYQuanPin": "shanda16jidianqisanban", "RemarkPYInitial": "", "Sex": 0, "AppAccountFlag": 0, "VerifyFlag": 0, "Province": "", "KeyWord": "", "RemarkName": "", "PYInitial": "SD16JDQSB", "IsOwner": 0, "ChatRoomId": 0, "HideInputBarFlag": 0, "EncryChatRoomId": "", "AttrStatus": 0, "SnsFlag": 0, "MemberCount": 0, "OwnerUin": 0, "Alias": "", "Signature": "", "ContactFlag": 3, "NickName": "\u5c71\u592716\u7ea7\u7535\u6c14\u4e09\u73ed", "RemarkPYQuanPin": "", "HeadImgUrl": "/cgi-bin/mmwebwx-bin/webwxgetheadimg?seq=651481938&username=@@8e8a4c7b37441286059e717973dbcf7f24eec3a3a599c1d502a8175e61c44f34&skey=@crypt_d2fe4afb_798d706f4e3cdd4872d17771b2407107", "Uin": 0, "StarFriend": 0, "Statues": 1}, {"UserName": "@@111bc6362524201bb5475d8fdd27608d6973ed465d333c24c635c83890777496", "City": "", "DisplayName": "", "UniFriend": 0, "MemberList": [], "PYQuanPin": "gaoya?diancizantai", "RemarkPYInitial": "", "Sex": 0, "AppAccountFlag": 0, "VerifyFlag": 0, "Province": "", "KeyWord": "", "RemarkName": "", "PYInitial": "GY?DCZT", "IsOwner": 0, "ChatRoomId": 0, "HideInputBarFlag": 0, "EncryChatRoomId": "", "AttrStatus": 0, "SnsFlag": 0, "MemberCount": 0, "OwnerUin": 0, "Alias": "", "Signature": "", "ContactFlag": 3, "NickName": "\u9ad8\u538b\ud83c\udf65\u7535\u78c1\u6682\u6001", "RemarkPYQuanPin": "", "HeadImgUrl": "/cgi-bin/mmwebwx-bin/webwxgetheadimg?seq=667708383&username=@@111bc6362524201bb5475d8fdd27608d6973ed465d333c24c635c83890777496&skey=@crypt_d2fe4afb_798d706f4e3cdd4872d17771b2407107", "Uin": 0, "StarFriend": 0, "Statues": 1}, {"UserName": "@@fc80b2de3a106eb6f51c223e5a28d10c2a42a2b2b7eb9df9cf440ab5081c489b", "City": "", "DisplayName": "", "UniFriend": 0, "MemberList": [], "PYQuanPin": "shandadianqi2016jiyanjiusheng", "RemarkPYInitial": "", "Sex": 0, "AppAccountFlag": 0, "VerifyFlag": 0, "Province": "", "KeyWord": "", "RemarkName": "", "PYInitial": "SDDQ2016JYJS", "IsOwner": 0, "ChatRoomId": 0, "HideInputBarFlag": 0, "EncryChatRoomId": "", "AttrStatus": 0, "SnsFlag": 0, "MemberCount": 0, "OwnerUin": 0, "Alias": "", "Signature": "", "ContactFlag": 3, "NickName": "\u5c71\u5927\u7535\u6c142016\u7ea7\u7814\u7a76\u751f", "RemarkPYQuanPin": "", "HeadImgUrl": "/cgi-bin/mmwebwx-bin/webwxgetheadimg?seq=667708905&username=@@fc80b2de3a106eb6f51c223e5a28d10c2a42a2b2b7eb9df9cf440ab5081c489b&skey=@crypt_d2fe4afb_798d706f4e3cdd4872d17771b2407107", "Uin": 0, "StarFriend": 0, "Statues": 1}]